{"cameraMode":{"drawMode":0,"name":"Shaded","section":"Shading Mode"},"sceneLighting":false,"audioPlay":false,"sceneViewState":{"m_AlwaysRefresh":false,"showFog":true,"showSkybox":false,"showFlares":true,"showImageEffects":true,"showParticleSystems":true,"showVisualEffectGraphs":true,"m_FxEnabled":true},"in2DMode":false,"pivot":{"x":0.13112872838974,"y":-0.06391987204551697,"z":0.0795677900314331},"rotation":{"x":0.07341199368238449,"y":-0.02393312193453312,"z":0.0017616561381146312,"w":0.997012734413147},"size":1.016004204750061,"orthographic":false}