{"cameraMode":{"drawMode":0,"name":"Shaded","section":"Shading Mode"},"sceneLighting":false,"audioPlay":false,"sceneViewState":{"m_AlwaysRefresh":false,"showFog":true,"showSkybox":false,"showFlares":true,"showImageEffects":true,"showParticleSystems":true,"showVisualEffectGraphs":true,"m_FxEnabled":true},"in2DMode":false,"pivot":{"x":0.05388554930686951,"y":-0.2655579447746277,"z":1.092004418373108},"rotation":{"x":-0.06290832161903382,"y":0.038317859172821048,"z":-0.00242496351711452,"w":-0.9972876906394959},"size":1.1884400844573975,"orthographic":false}