{"cameraMode":{"drawMode":0,"name":"Shaded","section":"Shading Mode"},"sceneLighting":false,"audioPlay":false,"sceneViewState":{"m_AlwaysRefresh":false,"showFog":true,"showSkybox":false,"showFlares":true,"showImageEffects":true,"showParticleSystems":true,"showVisualEffectGraphs":true,"m_FxEnabled":true},"in2DMode":false,"pivot":{"x":0.054412901401519778,"y":0.08720189332962036,"z":0.10290801525115967},"rotation":{"x":0.04494156688451767,"y":-0.043442439287900928,"z":0.001955626765266061,"w":0.9980418682098389},"size":0.8147174119949341,"orthographic":false}