{"cameraMode":{"drawMode":0,"name":"Shaded","section":"Shading Mode"},"sceneLighting":false,"audioPlay":false,"sceneViewState":{"m_AlwaysRefresh":false,"showFog":true,"showSkybox":false,"showFlares":true,"showImageEffects":true,"showParticleSystems":true,"showVisualEffectGraphs":true,"m_FxEnabled":true},"in2DMode":false,"pivot":{"x":0.38881075382232668,"y":-0.37254515290260317,"z":0.8837895393371582},"rotation":{"x":0.11643011122941971,"y":0.0714460164308548,"z":-0.008397628553211689,"w":0.9905886054039002},"size":1.3685694932937623,"orthographic":false}