{"cameraMode":{"drawMode":0,"name":"Shaded","section":"Shading Mode"},"sceneLighting":false,"audioPlay":false,"sceneViewState":{"m_AlwaysRefresh":false,"showFog":true,"showSkybox":false,"showFlares":true,"showImageEffects":true,"showParticleSystems":true,"showVisualEffectGraphs":true,"m_FxEnabled":true},"in2DMode":false,"pivot":{"x":-0.5844314098358154,"y":-0.0409466028213501,"z":0.05060535669326782},"rotation":{"x":-0.13128522038459779,"y":0.6345871090888977,"z":-0.11056902259588242,"w":-0.7535587549209595},"size":0.9636152386665344,"orthographic":false}