{"cameraMode":{"drawMode":0,"name":"Shaded","section":"Shading Mode"},"sceneLighting":false,"audioPlay":false,"sceneViewState":{"m_AlwaysRefresh":false,"showFog":true,"showSkybox":false,"showFlares":true,"showImageEffects":true,"showParticleSystems":true,"showVisualEffectGraphs":true,"m_FxEnabled":true},"in2DMode":false,"pivot":{"x":-0.0400330126285553,"y":0.010059788823127747,"z":0.006458744406700134},"rotation":{"x":-0.19205135107040406,"y":-0.04914364963769913,"z":0.009622432291507721,"w":-0.9801140427589417},"size":4.608438014984131,"orthographic":false}