{"cameraMode":{"drawMode":0,"name":"Shaded","section":"Shading Mode"},"sceneLighting":false,"audioPlay":false,"sceneViewState":{"m_AlwaysRefresh":false,"showFog":true,"showSkybox":false,"showFlares":true,"showImageEffects":true,"showParticleSystems":true,"showVisualEffectGraphs":true,"m_FxEnabled":true},"in2DMode":false,"pivot":{"x":1.682313084602356,"y":-50.22709274291992,"z":-0.08789896965026856},"rotation":{"x":0.005938583519309759,"y":-0.14351049065589906,"z":-0.0008594531682319939,"w":-0.9896355867385864},"size":1.8964155912399293,"orthographic":false}