{"cameraMode":{"drawMode":0,"name":"Shaded","section":"Shading Mode"},"sceneLighting":false,"audioPlay":false,"sceneViewState":{"m_AlwaysRefresh":false,"showFog":true,"showSkybox":false,"showFlares":true,"showImageEffects":true,"showParticleSystems":true,"showVisualEffectGraphs":true,"m_FxEnabled":true},"in2DMode":false,"pivot":{"x":-0.9018471240997315,"y":-0.24057191610336305,"z":0.18960270285606385},"rotation":{"x":-0.17645922303199769,"y":0.6256982684135437,"z":-0.1481567919254303,"w":-0.7452698349952698},"size":1.029949426651001,"orthographic":false}