{"cameraMode":{"drawMode":0,"name":"Shaded","section":"Shading Mode"},"sceneLighting":false,"audioPlay":false,"sceneViewState":{"m_AlwaysRefresh":false,"showFog":true,"showSkybox":false,"showFlares":true,"showImageEffects":true,"showParticleSystems":true,"showVisualEffectGraphs":true,"m_FxEnabled":true},"in2DMode":false,"pivot":{"x":32.27025604248047,"y":-92.86589050292969,"z":-0.6734161376953125},"rotation":{"x":0.06852132827043534,"y":-0.23129460215568543,"z":0.016332536935806276,"w":0.9703304767608643},"size":4.1142120361328129,"orthographic":false}