{"cameraMode":{"drawMode":0,"name":"Shaded","section":"Shading Mode"},"sceneLighting":false,"audioPlay":false,"sceneViewState":{"m_AlwaysRefresh":false,"showFog":true,"showSkybox":false,"showFlares":true,"showImageEffects":true,"showParticleSystems":true,"showVisualEffectGraphs":true,"m_FxEnabled":true},"in2DMode":false,"pivot":{"x":-0.09667128324508667,"y":0.03843188285827637,"z":0.07110559940338135},"rotation":{"x":0.040391918271780017,"y":-0.0688890740275383,"z":0.002790900645777583,"w":0.9968016147613525},"size":1.008181095123291,"orthographic":false}