{"cameraMode":{"drawMode":0,"name":"Shaded","section":"Shading Mode"},"sceneLighting":false,"audioPlay":false,"sceneViewState":{"m_AlwaysRefresh":false,"showFog":true,"showSkybox":false,"showFlares":true,"showImageEffects":true,"showParticleSystems":true,"showVisualEffectGraphs":true,"m_FxEnabled":true},"in2DMode":false,"pivot":{"x":-0.3387541174888611,"y":-0.25016623735427859,"z":1.642953634262085},"rotation":{"x":0.011978589929640293,"y":-0.0584622323513031,"z":0.0007010469562374055,"w":0.9982168078422546},"size":1.7789074182510377,"orthographic":false}