{"cameraMode":{"drawMode":0,"name":"Shaded","section":"Shading Mode"},"sceneLighting":false,"audioPlay":false,"sceneViewState":{"m_AlwaysRefresh":false,"showFog":true,"showSkybox":false,"showFlares":true,"showImageEffects":true,"showParticleSystems":true,"showVisualEffectGraphs":true,"m_FxEnabled":true},"in2DMode":false,"pivot":{"x":-0.25363045930862429,"y":-0.48733896017074587,"z":2.3619675636291506},"rotation":{"x":-0.05393943563103676,"y":0.033846888691186908,"z":-0.0018357275985181332,"w":-0.9979759454727173},"size":1.9237951040267945,"orthographic":false}