{"cameraMode":{"drawMode":0,"name":"Shaded","section":"Shading Mode"},"sceneLighting":false,"audioPlay":false,"sceneViewState":{"m_AlwaysRefresh":false,"showFog":true,"showSkybox":false,"showFlares":true,"showImageEffects":true,"showParticleSystems":true,"showVisualEffectGraphs":true,"m_FxEnabled":true},"in2DMode":false,"pivot":{"x":-0.17599458992481233,"y":-0.4948359727859497,"z":0.05282902717590332},"rotation":{"x":0.04046817868947983,"y":-0.031469184905290607,"z":0.0012745923595502973,"w":0.9986838102340698},"size":0.8825038075447083,"orthographic":false}