{"cameraMode":{"drawMode":0,"name":"Shaded","section":"Shading Mode"},"sceneLighting":false,"audioPlay":false,"sceneViewState":{"m_AlwaysRefresh":false,"showFog":true,"showSkybox":false,"showFlares":true,"showImageEffects":true,"showParticleSystems":true,"showVisualEffectGraphs":true,"m_FxEnabled":true},"in2DMode":false,"pivot":{"x":0.015404456295073033,"y":0.11131703853607178,"z":0.29609978199005129},"rotation":{"x":-0.03299463167786598,"y":0.0014989601913839579,"z":0.00004893425284535624,"w":0.9994536638259888},"size":1.0325723886489869,"orthographic":false}