{"cameraMode":{"drawMode":0,"name":"Shaded","section":"Shading Mode"},"sceneLighting":false,"audioPlay":false,"sceneViewState":{"m_AlwaysRefresh":false,"showFog":true,"showSkybox":false,"showFlares":true,"showImageEffects":true,"showParticleSystems":true,"showVisualEffectGraphs":true,"m_FxEnabled":true},"in2DMode":false,"pivot":{"x":-0.19701558351516725,"y":-0.1024964451789856,"z":0.021420598030090333},"rotation":{"x":0.06583271920681,"y":0.05983303487300873,"z":-0.003955285530537367,"w":0.9960265159606934},"size":1.5976347923278809,"orthographic":false}