{"cameraMode":{"drawMode":0,"name":"Shaded","section":"Shading Mode"},"sceneLighting":false,"audioPlay":false,"sceneViewState":{"m_AlwaysRefresh":false,"showFog":true,"showSkybox":false,"showFlares":true,"showImageEffects":true,"showParticleSystems":true,"showVisualEffectGraphs":true,"m_FxEnabled":true},"in2DMode":false,"pivot":{"x":5.394440650939941,"y":-93.62934875488281,"z":-0.6734161376953125},"rotation":{"x":0.06852132827043534,"y":-0.23129460215568543,"z":0.016332536935806276,"w":0.9703304767608643},"size":3.6679744720458986,"orthographic":false}