{"cameraMode":{"drawMode":0,"name":"Shaded","section":"Shading Mode"},"sceneLighting":false,"audioPlay":false,"sceneViewState":{"m_AlwaysRefresh":false,"showFog":true,"showSkybox":false,"showFlares":true,"showImageEffects":true,"showParticleSystems":true,"showVisualEffectGraphs":true,"m_FxEnabled":true},"in2DMode":false,"pivot":{"x":5.394440650939941,"y":-93.62934875488281,"z":-0.6734159588813782},"rotation":{"x":0.013494978658854962,"y":0.023995304480195047,"z":-0.0003246053238399327,"w":0.9996212720870972},"size":3.4887919425964357,"orthographic":false}