{"cameraMode":{"drawMode":0,"name":"Shaded","section":"Shading Mode"},"sceneLighting":false,"audioPlay":false,"sceneViewState":{"m_AlwaysRefresh":false,"showFog":true,"showSkybox":false,"showFlares":true,"showImageEffects":true,"showParticleSystems":true,"showVisualEffectGraphs":true,"m_FxEnabled":true},"in2DMode":false,"pivot":{"x":0.09167617559432984,"y":-0.2547543942928314,"z":0.12123608589172363},"rotation":{"x":0.026994889602065088,"y":0.008996247313916684,"z":-0.0002435238566249609,"w":0.9995936751365662},"size":1.0985872745513917,"orthographic":false}