{"cameraMode":{"drawMode":0,"name":"Shaded","section":"Shading Mode"},"sceneLighting":true,"audioPlay":false,"sceneViewState":{"m_AlwaysRefresh":false,"showFog":true,"showSkybox":true,"showFlares":true,"showImageEffects":true,"showParticleSystems":true,"showVisualEffectGraphs":true,"m_FxEnabled":true},"in2DMode":false,"pivot":{"x":8.049644470214844,"y":1.465571403503418,"z":6.270238876342773},"rotation":{"x":0.16058123111724854,"y":-0.008393118157982827,"z":0.0013356765266507865,"w":0.9869856834411621},"size":19.889400482177736,"orthographic":false}