{"cameraMode":{"drawMode":0,"name":"Shaded","section":"Shading Mode"},"sceneLighting":true,"audioPlay":false,"sceneViewState":{"m_AlwaysRefresh":false,"showFog":true,"showSkybox":true,"showFlares":true,"showImageEffects":true,"showParticleSystems":true,"showVisualEffectGraphs":true,"m_FxEnabled":true},"in2DMode":false,"pivot":{"x":8.749960899353028,"y":1.4066450595855713,"z":1.5813493728637696},"rotation":{"x":0.10809705406427384,"y":-0.0006309702876023948,"z":0.00007113481842679903,"w":0.9941508769989014},"size":3.6794419288635256,"orthographic":false}