{"cameraMode":{"drawMode":0,"name":"Shaded","section":"Shading Mode"},"sceneLighting":true,"audioPlay":false,"sceneViewState":{"m_AlwaysRefresh":false,"showFog":true,"showSkybox":true,"showFlares":true,"showImageEffects":true,"showParticleSystems":true,"showVisualEffectGraphs":true,"m_FxEnabled":true},"in2DMode":false,"pivot":{"x":13.075553894042969,"y":-62.26594543457031,"z":470.9431457519531},"rotation":{"x":-0.0000047793960220587909,"y":-0.004492803476750851,"z":-0.000002508143779778038,"w":1.0000089406967164},"size":300.7206726074219,"orthographic":false}