{"cameraMode":{"drawMode":0,"name":"Shaded","section":"Shading Mode"},"sceneLighting":true,"audioPlay":false,"sceneViewState":{"m_AlwaysRefresh":false,"showFog":true,"showSkybox":true,"showFlares":true,"showImageEffects":true,"showParticleSystems":true,"showVisualEffectGraphs":true,"m_FxEnabled":true},"in2DMode":false,"pivot":{"x":7.518701076507568,"y":3.5706605911254885,"z":2.4151153564453127},"rotation":{"x":0.03329979255795479,"y":-0.012308944016695023,"z":0.00041415158193558455,"w":0.9993700385093689},"size":3.7756125926971437,"orthographic":false}