{"cameraMode":{"drawMode":0,"name":"Shaded","section":"Shading Mode"},"sceneLighting":true,"audioPlay":false,"sceneViewState":{"m_AlwaysRefresh":false,"showFog":true,"showSkybox":true,"showFlares":true,"showImageEffects":true,"showParticleSystems":true,"showVisualEffectGraphs":true,"m_FxEnabled":true},"in2DMode":false,"pivot":{"x":22.225948333740236,"y":-116.14422607421875,"z":1.0090713500976563},"rotation":{"x":0.08420850336551666,"y":-0.0018110735109075904,"z":0.00015671676374040544,"w":0.9964478015899658},"size":27.794456481933595,"orthographic":false}