{"cameraMode":{"drawMode":0,"name":"Shaded","section":"Shading Mode"},"sceneLighting":true,"audioPlay":false,"sceneViewState":{"m_AlwaysRefresh":false,"showFog":true,"showSkybox":true,"showFlares":true,"showImageEffects":true,"showParticleSystems":true,"showVisualEffectGraphs":true,"m_FxEnabled":true},"in2DMode":false,"pivot":{"x":157.9951629638672,"y":-25.61587905883789,"z":32.868595123291019},"rotation":{"x":0.010404890403151513,"y":0.7334401607513428,"z":-0.011229602620005608,"w":0.6795815229415894},"size":176.799560546875,"orthographic":false}