{"cameraMode":{"drawMode":0,"name":"Shaded","section":"Shading Mode"},"sceneLighting":true,"audioPlay":false,"sceneViewState":{"m_AlwaysRefresh":false,"showFog":true,"showSkybox":true,"showFlares":true,"showImageEffects":true,"showParticleSystems":true,"showVisualEffectGraphs":true,"m_FxEnabled":true},"in2DMode":false,"pivot":{"x":431.8704528808594,"y":69.83985900878906,"z":91.14322662353516},"rotation":{"x":0.010404890403151513,"y":0.7334401607513428,"z":-0.011229602620005608,"w":0.6795815229415894},"size":479.17999267578127,"orthographic":false}