{"cameraMode":{"drawMode":0,"name":"Shaded","section":"Shading Mode"},"sceneLighting":true,"audioPlay":false,"sceneViewState":{"m_AlwaysRefresh":false,"showFog":true,"showSkybox":true,"showFlares":true,"showImageEffects":true,"showParticleSystems":true,"showVisualEffectGraphs":true,"m_FxEnabled":true},"in2DMode":false,"pivot":{"x":3.9277870655059816,"y":1060.1002197265625,"z":20.411678314208986},"rotation":{"x":-0.21501295268535615,"y":0.009285162203013897,"z":0.002014152705669403,"w":0.9765641093254089},"size":4.70878267288208,"orthographic":false}