{"cameraMode":{"drawMode":0,"name":"Shaded","section":"Shading Mode"},"sceneLighting":true,"audioPlay":false,"sceneViewState":{"m_AlwaysRefresh":false,"showFog":true,"showSkybox":true,"showFlares":true,"showImageEffects":true,"showParticleSystems":true,"showVisualEffectGraphs":true,"m_FxEnabled":true},"in2DMode":false,"pivot":{"x":0.7442970871925354,"y":1063.240966796875,"z":19.372488021850587},"rotation":{"x":0.09364328533411026,"y":-0.009957191534340382,"z":0.0009069024818018079,"w":0.9955546855926514},"size":0.48801466822624209,"orthographic":false}