{"cameraMode":{"drawMode":0,"name":"Shaded","section":"Shading Mode"},"sceneLighting":true,"audioPlay":false,"sceneViewState":{"m_AlwaysRefresh":false,"showFog":true,"showSkybox":true,"showFlares":true,"showImageEffects":true,"showParticleSystems":true,"showVisualEffectGraphs":true,"m_FxEnabled":true},"in2DMode":false,"pivot":{"x":6.57214879989624,"y":12.274776458740235,"z":78.29627990722656},"rotation":{"x":-0.04167187213897705,"y":-0.016168998554348947,"z":-0.0006780090043321252,"w":0.9990032911300659},"size":0.8660253882408142,"orthographic":false}