{"cameraMode":{"drawMode":0,"name":"Shaded","section":"Shading Mode"},"sceneLighting":true,"audioPlay":false,"sceneViewState":{"m_AlwaysRefresh":false,"showFog":true,"showSkybox":true,"showFlares":true,"showImageEffects":true,"showParticleSystems":true,"showVisualEffectGraphs":true,"m_FxEnabled":true},"in2DMode":false,"pivot":{"x":5.695240020751953,"y":6.081127643585205,"z":3.1615371704101564},"rotation":{"x":0.10021977871656418,"y":-0.2998795211315155,"z":0.031700681895017627,"w":0.9481697678565979},"size":16.65694808959961,"orthographic":false}