{"cameraMode":{"drawMode":0,"name":"Shaded","section":"Shading Mode"},"sceneLighting":true,"audioPlay":false,"sceneViewState":{"m_AlwaysRefresh":false,"showFog":true,"showSkybox":true,"showFlares":true,"showImageEffects":true,"showParticleSystems":true,"showVisualEffectGraphs":true,"m_FxEnabled":true},"in2DMode":false,"pivot":{"x":52.484127044677737,"y":16.68185806274414,"z":37.899993896484378},"rotation":{"x":0.07979270070791245,"y":0.16489659249782563,"z":-0.013398765586316586,"w":0.9830183982849121},"size":27.34073257446289,"orthographic":false}