{"cameraMode":{"drawMode":0,"name":"Shaded","section":"Shading Mode"},"sceneLighting":true,"audioPlay":false,"sceneViewState":{"m_AlwaysRefresh":false,"showFog":true,"showSkybox":true,"showFlares":true,"showImageEffects":true,"showParticleSystems":true,"showVisualEffectGraphs":true,"m_FxEnabled":true},"in2DMode":false,"pivot":{"x":3.6079397201538088,"y":1060.9735107421875,"z":19.639339447021486},"rotation":{"x":-0.013190140947699547,"y":0.008996774442493916,"z":0.00011722662020474672,"w":0.9998745322227478},"size":7.097315788269043,"orthographic":true}