{"cameraMode":{"drawMode":0,"name":"Shaded","section":"Shading Mode"},"sceneLighting":true,"audioPlay":false,"sceneViewState":{"m_AlwaysRefresh":false,"showFog":true,"showSkybox":true,"showFlares":true,"showImageEffects":true,"showParticleSystems":true,"showVisualEffectGraphs":true,"m_FxEnabled":true},"in2DMode":false,"pivot":{"x":200.06661987304688,"y":961.3897705078125,"z":285.80474853515627},"rotation":{"x":0.048403300344944,"y":-0.12204786390066147,"z":0.00592982629314065,"w":0.9913248419761658},"size":1474.2967529296875,"orthographic":false}