{"cameraMode":{"drawMode":0,"name":"Shaded","section":"Shading Mode"},"sceneLighting":true,"audioPlay":false,"sceneViewState":{"m_AlwaysRefresh":false,"showFog":true,"showSkybox":true,"showFlares":true,"showImageEffects":true,"showParticleSystems":true,"showVisualEffectGraphs":true,"m_FxEnabled":true},"in2DMode":false,"pivot":{"x":14.585159301757813,"y":54.7135009765625,"z":108.60848999023438},"rotation":{"x":-0.2300100326538086,"y":0.028880542144179345,"z":0.006832920014858246,"w":0.9727378487586975},"size":178.578369140625,"orthographic":false}