{"cameraMode":{"drawMode":0,"name":"Shaded","section":"Shading Mode"},"sceneLighting":true,"audioPlay":false,"sceneViewState":{"m_AlwaysRefresh":false,"showFog":true,"showSkybox":true,"showFlares":true,"showImageEffects":true,"showParticleSystems":true,"showVisualEffectGraphs":true,"m_FxEnabled":true},"in2DMode":false,"pivot":{"x":16.585405349731447,"y":-4.1069746017456059,"z":2.922837018966675},"rotation":{"x":-0.011999172158539296,"y":0.00840775202959776,"z":-0.00009845920430961996,"w":-0.9998928308486939},"size":47.297935485839847,"orthographic":false}