{"cameraMode":{"drawMode":0,"name":"Shaded","section":"Shading Mode"},"sceneLighting":true,"audioPlay":false,"sceneViewState":{"m_AlwaysRefresh":false,"showFog":true,"showSkybox":true,"showFlares":true,"showImageEffects":true,"showParticleSystems":true,"showVisualEffectGraphs":true,"m_FxEnabled":true},"in2DMode":false,"pivot":{"x":11.429952621459961,"y":-5.665995121002197,"z":3.4670944213867189},"rotation":{"x":0.13802140951156617,"y":-0.1200222373008728,"z":0.01685255765914917,"w":0.982988715171814},"size":24.828411102294923,"orthographic":false}