{"cameraMode":{"drawMode":0,"name":"Shaded","section":"Shading Mode"},"sceneLighting":true,"audioPlay":false,"sceneViewState":{"m_AlwaysRefresh":false,"showFog":true,"showSkybox":true,"showFlares":true,"showImageEffects":true,"showParticleSystems":true,"showVisualEffectGraphs":true,"m_FxEnabled":true},"in2DMode":false,"pivot":{"x":11.333724975585938,"y":-46.140357971191409,"z":-5.033283233642578},"rotation":{"x":-0.014549382030963898,"y":0.8008437156677246,"z":-0.01947183907032013,"w":-0.5983808040618897},"size":21.51866340637207,"orthographic":false}