{"cameraMode":{"drawMode":0,"name":"Shaded","section":"Shading Mode"},"sceneLighting":true,"audioPlay":false,"sceneViewState":{"m_AlwaysRefresh":false,"showFog":true,"showSkybox":true,"showFlares":true,"showImageEffects":true,"showParticleSystems":true,"showVisualEffectGraphs":true,"m_FxEnabled":true},"in2DMode":false,"pivot":{"x":17.10793685913086,"y":-12.47414779663086,"z":3.9904375076293947},"rotation":{"x":-0.11220803111791611,"y":0.030709361657500268,"z":-0.0034695365466177465,"w":-0.9932019114494324},"size":9.449241638183594,"orthographic":false}