{"cameraMode":{"drawMode":0,"name":"Shaded","section":"Shading Mode"},"sceneLighting":true,"audioPlay":false,"sceneViewState":{"m_AlwaysRefresh":false,"showFog":true,"showSkybox":true,"showFlares":true,"showImageEffects":true,"showParticleSystems":true,"showVisualEffectGraphs":true,"m_FxEnabled":true},"in2DMode":false,"pivot":{"x":-40.613197326660159,"y":197.7293701171875,"z":-75.36148071289063},"rotation":{"x":-0.09085243195295334,"y":-0.43639683723449709,"z":0.04437970742583275,"w":-0.8940548300743103},"size":319.00653076171877,"orthographic":false}