{"cameraMode":{"drawMode":0,"name":"Shaded","section":"Shading Mode"},"sceneLighting":true,"audioPlay":false,"sceneViewState":{"m_AlwaysRefresh":false,"showFog":true,"showSkybox":true,"showFlares":true,"showImageEffects":true,"showParticleSystems":true,"showVisualEffectGraphs":true,"m_FxEnabled":true},"in2DMode":false,"pivot":{"x":3.7869949340820314,"y":1062.091552734375,"z":18.37201690673828},"rotation":{"x":-0.013190140947699547,"y":0.008996774442493916,"z":0.00011722662020474672,"w":0.9998745322227478},"size":5.096289157867432,"orthographic":true}