{"cameraMode":{"drawMode":0,"name":"Shaded","section":"Shading Mode"},"sceneLighting":true,"audioPlay":false,"sceneViewState":{"m_AlwaysRefresh":false,"showFog":true,"showSkybox":true,"showFlares":true,"showImageEffects":true,"showParticleSystems":true,"showVisualEffectGraphs":true,"m_FxEnabled":true},"in2DMode":false,"pivot":{"x":19.07632827758789,"y":-19.04747772216797,"z":0.010975837707519532},"rotation":{"x":0.16058123111724854,"y":-0.008393118157982827,"z":0.0013356765266507865,"w":0.9869856834411621},"size":5.8587822914123539,"orthographic":false}