{"cameraMode":{"drawMode":0,"name":"Shaded","section":"Shading Mode"},"sceneLighting":true,"audioPlay":false,"sceneViewState":{"m_AlwaysRefresh":false,"showFog":true,"showSkybox":true,"showFlares":true,"showImageEffects":true,"showParticleSystems":true,"showVisualEffectGraphs":true,"m_FxEnabled":true},"in2DMode":false,"pivot":{"x":12.187115669250489,"y":-5.520708084106445,"z":27.769798278808595},"rotation":{"x":0.15916232764720918,"y":0.08872954547405243,"z":-0.01437396090477705,"w":0.9831687211990356},"size":32.478858947753909,"orthographic":false}