{"cameraMode":{"drawMode":0,"name":"Shaded","section":"Shading Mode"},"sceneLighting":true,"audioPlay":false,"sceneViewState":{"m_AlwaysRefresh":false,"showFog":true,"showSkybox":true,"showFlares":true,"showImageEffects":true,"showParticleSystems":true,"showVisualEffectGraphs":true,"m_FxEnabled":true},"in2DMode":false,"pivot":{"x":4.550037384033203,"y":3.7196874618530275,"z":2.859586715698242},"rotation":{"x":0.05668434873223305,"y":-0.24456070363521577,"z":0.014310784637928009,"w":0.967885434627533},"size":6.065690517425537,"orthographic":false}