{"cameraMode":{"drawMode":0,"name":"Shaded","section":"Shading Mode"},"sceneLighting":true,"audioPlay":false,"sceneViewState":{"m_AlwaysRefresh":false,"showFog":true,"showSkybox":true,"showFlares":true,"showImageEffects":true,"showParticleSystems":true,"showVisualEffectGraphs":true,"m_FxEnabled":true},"in2DMode":false,"pivot":{"x":36.16038513183594,"y":-30.605024337768556,"z":0.9006965160369873},"rotation":{"x":-0.010189520195126534,"y":-0.019815731793642045,"z":-0.00019821609021164477,"w":0.9997524619102478},"size":7.458085060119629,"orthographic":false}