{"cameraMode":{"drawMode":0,"name":"Shaded","section":"Shading Mode"},"sceneLighting":true,"audioPlay":false,"sceneViewState":{"m_AlwaysRefresh":false,"showFog":true,"showSkybox":true,"showFlares":true,"showImageEffects":true,"showParticleSystems":true,"showVisualEffectGraphs":true,"m_FxEnabled":true},"in2DMode":false,"pivot":{"x":28.276443481445314,"y":-67.88248443603516,"z":78.31893157958985},"rotation":{"x":-0.10761487483978272,"y":0.056629080325365069,"z":-0.006141602527350187,"w":-0.9925734996795654},"size":119.60326385498047,"orthographic":false}