{"cameraMode":{"drawMode":0,"name":"Shaded","section":"Shading Mode"},"sceneLighting":false,"audioPlay":false,"sceneViewState":{"m_AlwaysRefresh":false,"showFog":true,"showSkybox":true,"showFlares":true,"showImageEffects":true,"showParticleSystems":true,"showVisualEffectGraphs":true,"m_FxEnabled":true},"in2DMode":false,"pivot":{"x":-1.541780948638916,"y":-13.592079162597657,"z":0.5550599098205566},"rotation":{"x":0.011991124600172043,"y":-0.03899671509861946,"z":-0.0004681058053392917,"w":-0.9991692900657654},"size":4.877508163452148,"orthographic":false}