{"cameraMode":{"drawMode":0,"name":"Shaded","section":"Shading Mode"},"sceneLighting":true,"audioPlay":false,"sceneViewState":{"m_AlwaysRefresh":false,"showFog":true,"showSkybox":true,"showFlares":true,"showImageEffects":true,"showParticleSystems":true,"showVisualEffectGraphs":true,"m_FxEnabled":true},"in2DMode":false,"pivot":{"x":23.603078842163087,"y":-102.69827270507813,"z":-0.0359269380569458},"rotation":{"x":0.2818854749202728,"y":0.36729690432548525,"z":-0.11786888539791107,"w":0.8785104155540466},"size":1.2432124614715577,"orthographic":false}