{"cameraMode":{"drawMode":0,"name":"Shaded","section":"Shading Mode"},"sceneLighting":true,"audioPlay":false,"sceneViewState":{"m_AlwaysRefresh":false,"showFog":true,"showSkybox":true,"showFlares":true,"showImageEffects":true,"showParticleSystems":true,"showVisualEffectGraphs":true,"m_FxEnabled":true},"in2DMode":false,"pivot":{"x":2.6563987731933595,"y":348.3427429199219,"z":109.55680847167969},"rotation":{"x":0.023998837918043138,"y":-0.002090653870254755,"z":-0.00004625124711310491,"w":-0.9997115731239319},"size":8.378841400146485,"orthographic":false}