{"cameraMode":{"drawMode":0,"name":"Shaded","section":"Shading Mode"},"sceneLighting":true,"audioPlay":false,"sceneViewState":{"m_AlwaysRefresh":false,"showFog":true,"showSkybox":true,"showFlares":true,"showImageEffects":true,"showParticleSystems":true,"showVisualEffectGraphs":true,"m_FxEnabled":true},"in2DMode":false,"pivot":{"x":4.806919097900391,"y":-12.769882202148438,"z":30.81824493408203},"rotation":{"x":0.16734828054904939,"y":0.04403837025165558,"z":-0.007478877902030945,"w":0.9848865866661072},"size":28.77806282043457,"orthographic":false}