{"cameraMode":{"drawMode":0,"name":"Shaded","section":"Shading Mode"},"sceneLighting":false,"audioPlay":false,"sceneViewState":{"m_AlwaysRefresh":false,"showFog":true,"showSkybox":true,"showFlares":true,"showImageEffects":true,"showParticleSystems":true,"showVisualEffectGraphs":true,"m_FxEnabled":true},"in2DMode":false,"pivot":{"x":5.224391937255859,"y":3.2659075260162355,"z":0.19248676300048829},"rotation":{"x":-0.11418202519416809,"y":0.33289140462875368,"z":-0.04064684733748436,"w":-0.9351453185081482},"size":0.2940581142902374,"orthographic":false}