{"cameraMode":{"drawMode":0,"name":"Shaded","section":"Shading Mode"},"sceneLighting":true,"audioPlay":false,"sceneViewState":{"m_AlwaysRefresh":false,"showFog":true,"showSkybox":true,"showFlares":true,"showImageEffects":true,"showParticleSystems":true,"showVisualEffectGraphs":true,"m_FxEnabled":true},"in2DMode":false,"pivot":{"x":3.0209131240844728,"y":1064.754150390625,"z":18.891834259033204},"rotation":{"x":0.0689508467912674,"y":-0.47094476222991946,"z":0.03695369511842728,"w":0.8786889314651489},"size":3.1073825359344484,"orthographic":true}